data_kind,scenario,v_rel_mps,accel_mps2,d_gap_m,seed,dt_ms,pos_error_m,theory_error_m,approx_gap_m,assoc_swap_rate_pct,residual_error_exact_m,residual_error_minus20_m,residual_error_plus20_m
synthetic,S1,5.0,,,0,0,0.0614509131850491,0.0,0.0614509131850491,,0.0614509131850491,0.0614509131850491,0.11756593746577661
synthetic,S1,5.0,,,1,0,0.05556626302549426,0.0,0.05556626302549426,,0.05556626302549426,0.05556626302549426,0.11809237853105645
synthetic,S1,5.0,,,2,0,0.06449800576745326,0.0,0.06449800576745326,,0.06449800576745326,0.06449800576745326,0.1146604950291887
synthetic,S1,5.0,,,3,0,0.06098863241837758,0.0,0.06098863241837758,,0.06098863241837758,0.06098863241837758,0.11372998946259097
synthetic,S1,5.0,,,4,0,0.06578913988890482,0.0,0.06578913988890482,,0.06578913988890482,0.06578913988890482,0.12551517911200064
synthetic,S1,5.0,,,5,0,0.06222379112457218,0.0,0.06222379112457218,,0.06222379112457218,0.06222379112457218,0.11845850331033414
synthetic,S1,5.0,,,6,0,0.05883176488338846,0.0,0.05883176488338846,,0.05883176488338846,0.05883176488338846,0.11324150996751751
synthetic,S1,5.0,,,7,0,0.06334762493897214,0.0,0.06334762493897214,,0.06334762493897214,0.06334762493897214,0.11848580901093608
synthetic,S1,5.0,,,8,0,0.06385813922176882,0.0,0.06385813922176882,,0.06385813922176882,0.06385813922176882,0.11294305706003391
synthetic,S1,5.0,,,9,0,0.06399355444675325,0.0,0.06399355444675325,,0.06399355444675325,0.06399355444675325,0.12059510095389188
synthetic,S1,5.0,,,0,50,0.25689215164532203,0.25,0.006892151645322031,,0.09428369007930938,0.12490182154636305,0.14176746582990285
synthetic,S1,5.0,,,1,50,0.24825549961138998,0.25,-0.0017445003886100152,,0.0844751153346915,0.11233439844315048,0.13736866873042722
synthetic,S1,5.0,,,2,50,0.2617330532890209,0.25,0.011733053289020912,,0.1002884868388041,0.13233109160936138,0.14194019837587038
synthetic,S1,5.0,,,3,50,0.2637861964189417,0.25,0.013786196418941687,,0.09609324779856139,0.1298182167929759,0.1386721186470971
synthetic,S1,5.0,,,4,50,0.25013883581048973,0.25,0.0001388358104897347,,0.10513837116470189,0.12244137146261656,0.15467560561691487
synthetic,S1,5.0,,,5,50,0.2537808801915737,0.25,0.003780880191573688,,0.09613111346889686,0.12357687363659768,0.14114345289624242
synthetic,S1,5.0,,,6,50,0.2566128802763918,0.25,0.006612880276391786,,0.08755502975386152,0.12245834563778148,0.1351687075335919
synthetic,S1,5.0,,,7,50,0.2602795386414813,0.25,0.01027953864148129,,0.09961438038071226,0.1306096242513862,0.1478245843095205
synthetic,S1,5.0,,,8,50,0.26449637064292547,0.25,0.014496370642925471,,0.10250348580240601,0.13128205342347765,0.14282557736940937
synthetic,S1,5.0,,,9,50,0.2537670368367019,0.25,0.003767036836701876,,0.10125881399257824,0.12645360295828112,0.14538428576141835
synthetic,S1,5.0,,,0,100,0.5046501922123778,0.5,0.004650192212377835,,0.1326781494018475,0.1507793196061069,0.1719953060467082
synthetic,S1,5.0,,,1,100,0.4964679246294582,0.5,-0.0035320753705417873,,0.12091812415973986,0.13701541798853986,0.1652134881953886
synthetic,S1,5.0,,,2,100,0.5091325548133181,0.5,0.009132554813318094,,0.14425406059457513,0.16303236982917593,0.180057091911947
synthetic,S1,5.0,,,3,100,0.5115441819747591,0.5,0.011544181974759149,,0.1385478381346455,0.15707677471489004,0.17439155811529822
synthetic,S1,5.0,,,4,100,0.49769704534753845,0.5,-0.002302954652461553,,0.15097468294659772,0.1553791242422192,0.1955674378578947
synthetic,S1,5.0,,,5,100,0.5014265597982449,0.5,0.0014265597982449085,,0.13730529032839453,0.15370486417759782,0.17496866184880794
synthetic,S1,5.0,,,6,100,0.5046870366580203,0.5,0.004687036658020283,,0.12542318758132356,0.14780353408320626,0.16684357368795918
synthetic,S1,5.0,,,7,100,0.507514544349039,0.5,0.007514544349038976,,0.14389677990026944,0.15922611194029437,0.18547445504632498
synthetic,S1,5.0,,,8,100,0.5121587686688435,0.5,0.012158768668843467,,0.14774531791139264,0.16014608388396817,0.18359557958835174
synthetic,S1,5.0,,,9,100,0.500927376999973,0.5,0.0009273769999730286,,0.14531003699441494,0.15949660673361837,0.18106629432974905
synthetic,S1,5.0,,,0,150,0.7557259572876412,0.75,0.005725957287641248,,0.17558931443358586,0.18540795172392527,0.21039624987597635
synthetic,S1,5.0,,,1,150,0.7464896937242333,0.75,-0.0035103062757666503,,0.15913149731818896,0.16652265627833698,0.19922891340770973
synthetic,S1,5.0,,,2,150,0.7579015031446087,0.75,0.00790150314460869,,0.18278938205730463,0.19507455663235937,0.2133285502448218
synthetic,S1,5.0,,,3,150,0.7607488252547293,0.75,0.01074882525472931,,0.17668567698689067,0.18838841318620894,0.20603828701192486
synthetic,S1,5.0,,,4,150,0.7464645987418512,0.75,-0.0035354012581487737,,0.19263765378980044,0.1902730200987933,0.2330498043244567
synthetic,S1,5.0,,,5,150,0.750977632284932,0.75,0.000977632284931973,,0.17701791338686937,0.18637920414446815,0.2108196528910364
synthetic,S1,5.0,,,6,150,0.7546531170064786,0.75,0.004653117006478635,,0.16388462977855953,0.17777938845236266,0.20192941013715246
synthetic,S1,5.0,,,7,150,0.7550960472372736,0.75,0.005096047237273638,,0.18286061807258416,0.18856807627212965,0.21822895175004808
synthetic,S1,5.0,,,8,150,0.7609785534902063,0.75,0.010978553490206266,,0.18588592263679576,0.19076572236416695,0.2174137538899798
synthetic,S1,5.0,,,9,150,0.7490387987318796,0.75,-0.0009612012681203819,,0.17942172662267633,0.18941999627532852,0.20933645269945156
synthetic,S1,5.0,,,0,200,1.005363531783341,1.0,0.005363531783340925,,0.22249070653382255,0.22673800028997812,0.2541280851009629
synthetic,S1,5.0,,,1,200,0.9962053991113576,1.0,-0.0037946008886423632,,0.2018313154082942,0.20316297170382358,0.23865435672980173
synthetic,S1,5.0,,,2,200,1.0074685860887782,1.0,0.007468586088778206,,0.23074447812982266,0.2372587273138265,0.2592822838616927
synthetic,S1,5.0,,,3,200,1.01035180146407,1.0,0.010351801464069998,,0.22385394819080004,0.23046249261307397,0.2502733138430061
synthetic,S1,5.0,,,4,200,0.9960765018225756,1.0,-0.003923498177424434,,0.2434298715592496,0.2360037641175295,0.2819578772491156
synthetic,S1,5.0,,,5,200,1.0005912164265676,1.0,0.0005912164265675646,,0.22355746276898936,0.22787299758446547,0.2549323695074372
synthetic,S1,5.0,,,6,200,1.0043321588477927,1.0,0.0043321588477927,,0.20794366698156508,0.2158824837798758,0.24304865025394817
synthetic,S1,5.0,,,7,200,1.0046246995527532,1.0,0.004624699552753242,,0.23147155377150774,0.23108335484998685,0.26436434564347694
synthetic,S1,5.0,,,8,200,1.010583057986281,1.0,0.010583057986280897,,0.23481691842272107,0.23371046209843485,0.26485425202834806
synthetic,S1,5.0,,,9,200,0.9985860972791851,1.0,-0.0014139027208148747,,0.22435998967855103,0.23167097387724522,0.2504889216281143
synthetic,S1,10.0,,,0,0,0.061450913185048854,0.0,0.061450913185048854,,0.061450913185048854,0.061450913185048854,0.20611927521150203
synthetic,S1,10.0,,,1,0,0.0555662630254949,0.0,0.0555662630254949,,0.0555662630254949,0.0555662630254949,0.21049256240973213
synthetic,S1,10.0,,,2,0,0.06449800576745371,0.0,0.06449800576745371,,0.06449800576745371,0.06449800576745371,0.202957642908767
synthetic,S1,10.0,,,3,0,0.060988632418377174,0.0,0.060988632418377174,,0.060988632418377174,0.060988632418377174,0.2011619069911346
synthetic,S1,10.0,,,4,0,0.06578913988890459,0.0,0.06578913988890459,,0.06578913988890459,0.06578913988890459,0.21384802807748035
synthetic,S1,10.0,,,5,0,0.06222379112457209,0.0,0.06222379112457209,,0.06222379112457209,0.06222379112457209,0.2093416013163247
synthetic,S1,10.0,,,6,0,0.05883176488338877,0.0,0.05883176488338877,,0.05883176488338877,0.05883176488338877,0.20389823335554208
synthetic,S1,10.0,,,7,0,0.06334762493897245,0.0,0.06334762493897245,,0.06334762493897245,0.06334762493897245,0.2060386004658384
synthetic,S1,10.0,,,8,0,0.06385813922176876,0.0,0.06385813922176876,,0.06385813922176876,0.06385813922176876,0.19911929399552872
synthetic,S1,10.0,,,9,0,0.06399355444675316,0.0,0.06399355444675316,,0.06399355444675316,0.06399355444675316,0.21104480158688105
synthetic,S1,10.0,,,0,50,0.504650192212379,0.5,0.004650192212378945,,0.09353217503252366,0.2131909347173207,0.21493885462001763
synthetic,S1,10.0,,,1,50,0.4964679246294587,0.5,-0.0035320753705412877,,0.08509893791886708,0.20335437055138933,0.2174527629794816
synthetic,S1,10.0,,,2,50,0.5091325548133193,0.5,0.009132554813319316,,0.10154883249550581,0.21960169264223595,0.2166307178630053
synthetic,S1,10.0,,,3,50,0.5115441819747604,0.5,0.01154418197476037,,0.0973493952623455,0.22045286946568984,0.2129888224048087
synthetic,S1,10.0,,,4,50,0.49769704534753917,0.5,-0.0023029546524608313,,0.10621993068118636,0.20773751800677787,0.22800515382009665
synthetic,S1,10.0,,,5,50,0.5014265597982459,0.5,0.0014265597982459077,,0.0971729180189171,0.21132911026401266,0.21878695716702853
synthetic,S1,10.0,,,6,50,0.5046870366580211,0.5,0.00468703665802106,,0.08874948053117933,0.21265745496662666,0.20994391983382737
synthetic,S1,10.0,,,7,50,0.5075145443490405,0.5,0.007514544349040531,,0.10087409593069539,0.21911396653662887,0.2261302627197034
synthetic,S1,10.0,,,8,50,0.5121587686688441,0.5,0.012158768668844133,,0.10376508079653907,0.22153508088685206,0.2128793245628682
synthetic,S1,10.0,,,9,50,0.5009273769999738,0.5,0.0009273769999738057,,0.10241826231868592,0.21197212084110645,0.22439404250854034
synthetic,S1,10.0,,,0,100,1.0035567015826992,1.0,0.003556701582699162,,0.13692032903569787,0.2305788837121026,0.23807954831335534
synthetic,S1,10.0,,,1,100,0.9956124830309888,1.0,-0.004387516969011185,,0.12596769243553557,0.21827864714040748,0.23896481870562036
synthetic,S1,10.0,,,2,100,1.0078394323835147,1.0,0.0078394323835147,,0.14930430185274013,0.24051265549419448,0.2464802038240234
synthetic,S1,10.0,,,3,100,1.010376577227556,1.0,0.010376577227555916,,0.14359480698854019,0.23889724554949054,0.24098757086215908
synthetic,S1,10.0,,,4,100,0.9965097998850377,1.0,-0.003490200114962261,,0.15585012555248592,0.22843863472483542,0.25890895003499387
synthetic,S1,10.0,,,5,100,1.0002667087795474,1.0,0.0002667087795473755,,0.14224400889781585,0.23192556357802277,0.24482477171690162
synthetic,S1,10.0,,,6,100,1.003731857360518,1.0,0.003731857360518065,,0.13046875764011762,0.2304003753873802,0.23489656487221675
synthetic,S1,10.0,,,7,100,1.0061216080991942,1.0,0.0061216080991941535,,0.14894079643927127,0.24111078463728108,0.2572989293097127
synthetic,S1,10.0,,,8,100,1.010985583184066,1.0,0.01098558318406595,,0.152794641295532,0.24002625857248375,0.24339008558963957
synthetic,S1,10.0,,,9,100,0.9995450219889938,1.0,-0.00045497801100624624,,0.15024751870221437,0.23437346514764656,0.25100176048539974
synthetic,S1,10.0,,,0,150,1.5049997098152594,1.5,0.004999709815259434,,0.17938983519713977,0.25273780329614803,0.26777598171046657
synthetic,S1,10.0,,,1,150,1.4959236316473228,1.5,-0.004076368352677218,,0.16288464576547956,0.23450468481355485,0.26223698518714156
synthetic,S1,10.0,,,2,150,1.5070361816279072,1.5,0.007036181627907201,,0.18651171981610032,0.2610689556790895,0.26673381501996846
synthetic,S1,10.0,,,3,150,1.509949981440976,1.5,0.00994998144097603,,0.18051212417026474,0.25693171304505125,0.2608090282726937
synthetic,S1,10.0,,,4,150,1.4956892490926013,1.5,-0.0043107509073987416,,0.1963918887738897,0.2485981656717333,0.28406480363982917
synthetic,S1,10.0,,,5,150,1.5002054957551647,1.5,0.00020549575516470853,,0.18074489770417446,0.2526632943353208,0.2683369148757011
synthetic,S1,10.0,,,6,150,1.5040112945002277,1.5,0.004011294500227747,,0.1676828458095763,0.24908731104257156,0.2607216740418377
synthetic,S1,10.0,,,7,150,1.5041504612776022,1.5,0.004150461277602213,,0.1866871188077063,0.25918564747154377,0.27742911829984435
synthetic,S1,10.0,,,8,150,1.5101869676039392,1.5,0.010186967603939223,,0.1895754195609109,0.2571048980770026,0.26387097715121965
synthetic,S1,10.0,,,9,150,1.4981365027091593,1.5,-0.0018634972908406766,,0.1814204090162789,0.25243999301299835,0.2622096499769245
synthetic,S1,10.0,,,0,200,2.0048172039556484,2.0,0.004817203955648441,,0.232667375165951,0.2906453570966607,0.3105281174276159
synthetic,S1,10.0,,,1,200,1.9957836726574216,2.0,-0.004216327342578374,,0.21197566635869694,0.2676311413823918,0.30147516604711716
synthetic,S1,10.0,,,2,200,2.0068201634901386,2.0,0.006820163490138587,,0.24090193217423347,0.30050455926120256,0.3114711885319771
synthetic,S1,10.0,,,3,200,2.009747157718244,2.0,0.009747157718244193,,0.23405788752509896,0.29474110812329457,0.3036586446553769
synthetic,S1,10.0,,,4,200,1.9954958142142636,2.0,-0.004504185785736414,,0.2536041694493542,0.28938349836844607,0.3329665471994042
synthetic,S1,10.0,,,5,200,2.0000128516799043,2.0,1.2851679904279933e-05,,0.23369640812084627,0.2911271609965672,0.3108176186276227
synthetic,S1,10.0,,,6,200,2.003850864539633,2.0,0.0038508645396331254,,0.2181247144956943,0.28427781207772324,0.301820040826253
synthetic,S1,10.0,,,7,200,2.003912146923406,2.0,0.0039121469234060235,,0.24167562762730124,0.2969459012931892,0.321504541309916
synthetic,S1,10.0,,,8,200,2.009988656013669,2.0,0.00998865601366905,,0.24498098464116871,0.2949507211028595,0.31074337924474904
synthetic,S1,10.0,,,9,200,1.9979128552750705,2.0,-0.002087144724929546,,0.23380699803955354,0.29202804320811987,0.3019202758871225
synthetic,S1,20.0,,,0,0,0.061450913185048826,0.0,0.061450913185048826,,0.061450913185048826,0.061450913185048826,0.4017168882807912
synthetic,S1,20.0,,,1,0,0.05556626302549427,0.0,0.05556626302549427,,0.05556626302549427,0.05556626302549427,0.4076058004671661
synthetic,S1,20.0,,,2,0,0.06449800576745351,0.0,0.06449800576745351,,0.06449800576745351,0.06449800576745351,0.39799916577972516
synthetic,S1,20.0,,,3,0,0.06098863241837727,0.0,0.06098863241837727,,0.06098863241837727,0.06098863241837727,0.39599077601121435
synthetic,S1,20.0,,,4,0,0.06578913988890452,0.0,0.06578913988890452,,0.06578913988890452,0.06578913988890452,0.4090738639641851
synthetic,S1,20.0,,,5,0,0.06222379112457247,0.0,0.06222379112457247,,0.06222379112457247,0.06222379112457247,0.40504642347559305
synthetic,S1,20.0,,,6,0,0.058831764883388676,0.0,0.058831764883388676,,0.058831764883388676,0.058831764883388676,0.40044276735093093
synthetic,S1,20.0,,,7,0,0.06334762493897235,0.0,0.06334762493897235,,0.06334762493897235,0.06334762493897235,0.40018769364737594
synthetic,S1,20.0,,,8,0,0.06385813922176906,0.0,0.06385813922176906,,0.06385813922176906,0.06385813922176906,0.3942534501588167
synthetic,S1,20.0,,,9,0,0.06399355444675343,0.0,0.06399355444675343,,0.06399355444675343,0.06399355444675343,0.40650137949986836
synthetic,S1,20.0,,,0,50,1.0035567015827012,1.0,0.0035567015827011605,,0.09479759029946196,0.40984323125183136,0.4006930731999887
synthetic,S1,20.0,,,1,50,0.9956124830309898,1.0,-0.004387516969010186,,0.087621950504489,0.40087622209114315,0.40824648712769934
synthetic,S1,20.0,,,2,50,1.0078394323835163,1.0,0.007839432383516254,,0.10407258624786254,0.41517537433235163,0.4040951640159613
synthetic,S1,20.0,,,3,50,1.0103765772275577,1.0,0.010376577227557693,,0.09987047794015089,0.41719015540039883,0.4010440548150441
synthetic,S1,20.0,,,4,50,0.9965097998850397,1.0,-0.0034902001149602624,,0.10860046282332841,0.40359228072122383,0.41504464644756256
synthetic,S1,20.0,,,5,50,1.000266708779549,1.0,0.0002667087795489298,,0.0995957367005515,0.40739140168595883,0.4079637211750082
synthetic,S1,20.0,,,6,50,1.0037318573605198,1.0,0.0037318573605198413,,0.09126645519961038,0.4097575371828888,0.40125118405354343
synthetic,S1,20.0,,,7,50,1.006121608099196,1.0,0.00612160809919593,,0.10339666676259865,0.41416738229063965,0.4123247501340575
synthetic,S1,20.0,,,8,50,1.0109855831840682,1.0,0.01098558318406817,,0.1062896173957648,0.4181059984147518,0.39986395864006036
synthetic,S1,20.0,,,9,50,0.9995450219889955,1.0,-0.0004549780110044699,,0.10485017641994562,0.4069440931213278,0.41419482450917394
synthetic,S1,20.0,,,0,100,2.0030085918688854,2.0,0.0030085918688853575,,0.14684410031812054,0.42741354269617604,0.4219757368081096
synthetic,S1,20.0,,,1,100,1.995193483737724,2.0,-0.004806516262275906,,0.13606843466259191,0.4172223260037701,0.43038535469127587
synthetic,S1,20.0,,,2,100,2.007194390737343,2.0,0.0071943907373430704,,0.15940516621716252,0.4349239063020734,0.4308697872582058
synthetic,S1,20.0,,,3,100,2.0097773341315004,2.0,0.009777334131500393,,0.15369381827561984,0.43598204284312053,0.4268599137057916
synthetic,S1,20.0,,,4,100,1.995918792758194,2.0,-0.00408120724180594,,0.16584616450731582,0.4226951271729632,0.44128834682474055
synthetic,S1,20.0,,,5,100,1.999689553947438,2.0,-0.00031044605256203006,,0.15229276113672774,0.4268422666097082,0.43230448267861077
synthetic,S1,20.0,,,6,100,2.0032548122869533,2.0,0.003254812286953346,,0.14056792422576692,0.42737978155083295,0.4235020414680112
synthetic,S1,20.0,,,7,100,2.005416236428117,2.0,0.0054162364281169495,,0.15903753089180267,0.43527561375996565,0.4424125347797884
synthetic,S1,20.0,,,8,100,2.0103971638735576,2.0,0.010397163873557602,,0.16289497774827,0.4371611803331335,0.42559096026089016
synthetic,S1,20.0,,,9,100,1.99886233683032,2.0,-0.0011376631696800033,,0.16027453123234278,0.4267313758400735,0.4400355513644735
synthetic,S1,20.0,,,0,150,3.004634265535826,3.0,0.004634265535826021,,0.1870211616931659,0.436162124897353,0.43778437070408394
synthetic,S1,20.0,,,1,150,2.9956443173301937,3.0,-0.004355682669806349,,0.17048626666825228,0.4227799243685098,0.43952158651165396
synthetic,S1,20.0,,,2,150,3.00660425987576,3.0,0.006604259875759855,,0.19412620248871398,0.44144133891371334,0.43380857089855895
synthetic,S1,20.0,,,3,150,3.0095429965662706,3.0,0.009542996566270556,,0.1881651500490531,0.44093090518111117,0.4283926645738014
synthetic,S1,20.0,,,4,150,2.9953024426607313,3.0,-0.004697557339268688,,0.20400864797986634,0.4275890514024099,0.44633575003398246
synthetic,S1,20.0,,,5,150,2.999820326893282,3.0,-0.00017967310671807013,,0.18833328536348543,0.43425860877058176,0.4395775834258595
synthetic,S1,20.0,,,6,150,3.003690418092115,3.0,0.0036904180921149,,0.175314302195196,0.43364067054270733,0.4329301305648802
synthetic,S1,20.0,,,7,150,3.003672985917067,3.0,0.0036729859170669954,,0.19434016723297723,0.44171282387087946,0.44786071143694856
synthetic,S1,20.0,,,8,150,3.0097901392900757,3.0,0.009790139290075661,,0.1971898001679746,0.4418935681242289,0.4250847652569189
synthetic,S1,20.0,,,9,150,2.997689965825566,3.0,-0.0023100341744339836,,0.18840716342261024,0.43040280172112866,0.43424727062531265
synthetic,S1,20.0,,,0,200,4.004542625990074,4.0,0.004542625990073823,,0.2530568584036862,0.4708955519099304,0.48053320608737615
synthetic,S1,20.0,,,1,200,3.9955748629106687,4.0,-0.0044251370893313435,,0.2323480772372716,0.4549288332092608,0.47999586449905235
synthetic,S1,20.0,,,2,200,4.0064963482667135,4.0,0.006496348266713525,,0.26128972061090305,0.4783001435550988,0.47848683287620725
synthetic,S1,20.0,,,3,200,4.009440400081742,4.0,0.009440400081741629,,0.2544659845372144,0.47620162454415016,0.4706584090561002
synthetic,S1,20.0,,,4,200,3.9952057659042604,4.0,-0.004794234095739647,,0.2739976025855271,0.4637001503632633,0.4926953823116393
synthetic,S1,20.0,,,5,200,3.9997241031876873,4.0,-0.0002758968123126593,,0.2540675390015023,0.4712193616636305,0.48224419289681136
synthetic,S1,20.0,,,6,200,4.003610184381127,4.0,0.003610184381127368,,0.2385182963546479,0.4680349866364662,0.47387003788551096
synthetic,S1,20.0,,,7,200,4.003553077929141,4.0,0.0035530779291406134,,0.2620837873419976,0.4800587115841286,0.4943875246516302
synthetic,S1,20.0,,,8,200,4.009690796709214,4.0,0.009690796709214133,,0.26537314683268987,0.4767647539228236,0.4685541625612682
synthetic,S1,20.0,,,9,200,3.9975788032643735,4.0,-0.002421196735626463,,0.25394177057461115,0.46700260696266316,0.47443890405643624
synthetic,S2,10.0,-3.0,,0,0,0.061450913185049104,0.0,0.061450913185049104,,0.061450913185049104,0.061450913185049104,0.1821309398688232
synthetic,S2,10.0,-3.0,,1,0,0.05556626302549457,0.0,0.05556626302549457,,0.05556626302549457,0.05556626302549457,0.17653804607669044
synthetic,S2,10.0,-3.0,,2,0,0.06449800576745356,0.0,0.06449800576745356,,0.06449800576745356,0.06449800576745356,0.19143571755886885
synthetic,S2,10.0,-3.0,,3,0,0.06098863241837729,0.0,0.06098863241837729,,0.06098863241837729,0.06098863241837729,0.1842406107801892
synthetic,S2,10.0,-3.0,,4,0,0.06578913988890467,0.0,0.06578913988890467,,0.06578913988890467,0.06578913988890467,0.18420050839106167
synthetic,S2,10.0,-3.0,,5,0,0.06222379112457237,0.0,0.06222379112457237,,0.06222379112457237,0.06222379112457237,0.17822358284925702
synthetic,S2,10.0,-3.0,,6,0,0.05883176488338827,0.0,0.05883176488338827,,0.05883176488338827,0.05883176488338827,0.17979001750859958
synthetic,S2,10.0,-3.0,,7,0,0.06334762493897236,0.0,0.06334762493897236,,0.06334762493897236,0.06334762493897236,0.18702931459390781
synthetic,S2,10.0,-3.0,,8,0,0.06385813922176849,0.0,0.06385813922176849,,0.06385813922176849,0.06385813922176849,0.1886186969577977
synthetic,S2,10.0,-3.0,,9,0,0.06399355444675316,0.0,0.06399355444675316,,0.06399355444675316,0.06399355444675316,0.18649322104814314
synthetic,S2,10.0,-3.0,,0,50,0.41805592596245916,0.5,-0.08194407403754084,,0.09410849313512736,0.19027143268609636,0.19323125374812428
synthetic,S2,10.0,-3.0,,1,50,0.4180833887312567,0.5,-0.08191661126874328,,0.08591158942171655,0.18689756169763963,0.18522300140272788
synthetic,S2,10.0,-3.0,,2,50,0.4130973329965941,0.5,-0.08690266700340588,,0.10106015173411746,0.18627314781072482,0.20778046623083726
synthetic,S2,10.0,-3.0,,3,50,0.417005031772369,0.5,-0.08299496822763103,,0.09696168198229906,0.18959185901686404,0.1965413290033479
synthetic,S2,10.0,-3.0,,4,50,0.42341762551401835,0.5,-0.07658237448598165,,0.10743596925353574,0.19920129636866216,0.2022774339270099
synthetic,S2,10.0,-3.0,,5,50,0.4271445510361225,0.5,-0.07285544896387752,,0.09715340788525563,0.19823949374241212,0.1930240756058622
synthetic,S2,10.0,-3.0,,6,50,0.4246356133366576,0.5,-0.07536438666334239,,0.08923462626797318,0.19223256716681475,0.19035586181798203
synthetic,S2,10.0,-3.0,,7,50,0.42209480304980773,0.5,-0.07790519695019227,,0.10093033550782991,0.19385626812584217,0.20712482051641512
synthetic,S2,10.0,-3.0,,8,50,0.4179210481704694,0.5,-0.08207895182953062,,0.1037768963951677,0.19061831016012443,0.2064405207910149
synthetic,S2,10.0,-3.0,,9,50,0.41984011439742475,0.5,-0.08015988560257525,,0.10232474360206514,0.194965393527344,0.20535240995660733
synthetic,S2,10.0,-3.0,,0,100,0.8253950220644252,1.0,-0.17460497793557483,,0.1391003605669661,0.22053536758434514,0.2147127880487272
synthetic,S2,10.0,-3.0,,1,100,0.8256911074564953,1.0,-0.17430889254350468,,0.12971869256003302,0.21475219978144466,0.20759268466345343
synthetic,S2,10.0,-3.0,,2,100,0.8192441646056675,1.0,-0.1807558353943325,,0.14986316409830228,0.2207393093958571,0.23829817090365682
synthetic,S2,10.0,-3.0,,3,100,0.8244779251958839,1.0,-0.17552207480411608,,0.14406425462363362,0.2206278475788401,0.22306366230485103
synthetic,S2,10.0,-3.0,,4,100,0.8281276960216355,1.0,-0.1718723039783645,,0.16038944878612646,0.2346500057801621,0.23397459889552225
synthetic,S2,10.0,-3.0,,5,100,0.8332888665502262,1.0,-0.16671113344977384,,0.1437957917123497,0.22848547638131994,0.2219120788812356
synthetic,S2,10.0,-3.0,,6,100,0.8320185566946096,1.0,-0.16798144330539044,,0.13349685865058322,0.219961742303742,0.21616463848528647
synthetic,S2,10.0,-3.0,,7,100,0.8286230539915957,1.0,-0.17137694600840425,,0.15160852318551635,0.22726459447198574,0.2374060568985698
synthetic,S2,10.0,-3.0,,8,100,0.8246187954994749,1.0,-0.17538120450052508,,0.15447326317232316,0.22331200047557787,0.2372384134212887
synthetic,S2,10.0,-3.0,,9,100,0.8255356286148974,1.0,-0.17446437138510262,,0.15081528945092523,0.22911227209771337,0.23665654939166456
synthetic,S2,10.0,-3.0,,0,150,1.2310294047903982,1.5,-0.26897059520960176,,0.1854073493833629,0.2545580484544944,0.24340568761945813
synthetic,S2,10.0,-3.0,,1,150,1.2304567296517055,1.5,-0.2695432703482945,,0.1724949044935894,0.2474133511050701,0.23065056199460457
synthetic,S2,10.0,-3.0,,2,150,1.2220436627007338,1.5,-0.27795633729926617,,0.18973722073725638,0.2558215064812872,0.25754542144076803
synthetic,S2,10.0,-3.0,,3,150,1.2281254576007263,1.5,-0.27187454239927367,,0.18293349946872298,0.25016288359220407,0.2406991395016155
synthetic,S2,10.0,-3.0,,4,150,1.2306707380451738,1.5,-0.2693292619548262,,0.20615777780450087,0.271677402571712,0.25905757937551777
synthetic,S2,10.0,-3.0,,5,150,1.2367808837314647,1.5,-0.26321911626853534,,0.18612555189711388,0.2596534815608353,0.24658917062236088
synthetic,S2,10.0,-3.0,,6,150,1.2359511750356842,1.5,-0.2640488249643158,,0.1759570285326172,0.2519092637856961,0.24163264818083366
synthetic,S2,10.0,-3.0,,7,150,1.230065681357229,1.5,-0.26993431864277095,,0.1928999057980594,0.2612866038986837,0.2534625537408686
synthetic,S2,10.0,-3.0,,8,150,1.2277030535073106,1.5,-0.27229694649268943,,0.19436982174057757,0.25624096861165513,0.25615750314880364
synthetic,S2,10.0,-3.0,,9,150,1.2279435999691626,1.5,-0.2720564000308374,,0.183822043537601,0.25891098274862107,0.25103464404966047
synthetic,S2,10.0,-3.0,,0,200,1.6344996306510713,2.0,-0.3655003693489287,,0.24546318086041644,0.3048905481428685,0.2882757297171423
synthetic,S2,10.0,-3.0,,1,200,1.6340252408311566,2.0,-0.36597475916884337,,0.23092331897451016,0.29886634711297955,0.2727425468298328
synthetic,S2,10.0,-3.0,,2,200,1.6249818393154747,2.0,-0.3750181606845253,,0.2501808778327646,0.31145994561109885,0.30177318224036764
synthetic,S2,10.0,-3.0,,3,200,1.6313968220890815,2.0,-0.36860317791091846,,0.24188128930006966,0.30127301718470945,0.28492015148022776
synthetic,S2,10.0,-3.0,,4,200,1.6335996306661693,2.0,-0.3664003693338307,,0.27135629654858523,0.3300690670132677,0.30895258708742046
synthetic,S2,10.0,-3.0,,5,200,1.639651726897179,2.0,-0.3603482731028209,,0.2461271792211157,0.3102669226459513,0.2918333716145617
synthetic,S2,10.0,-3.0,,6,200,1.6387223100270647,2.0,-0.3612776899729353,,0.2350032665866631,0.3031981566572033,0.2840239278692901
synthetic,S2,10.0,-3.0,,7,200,1.6329669910064808,2.0,-0.3670330089935192,,0.25488305101796827,0.31822313938362257,0.2963856357540596
synthetic,S2,10.0,-3.0,,8,200,1.6310904063764706,2.0,-0.3689095936235294,,0.25551899560839963,0.3104131744718061,0.30205810148350154
synthetic,S2,10.0,-3.0,,9,200,1.6309769468357322,2.0,-0.36902305316426776,,0.24132398408617256,0.3108801451423062,0.2923583755428168
synthetic,S2,10.0,-6.0,,0,0,0.06145091318504976,0.0,0.06145091318504976,,0.06145091318504976,0.06145091318504976,0.4386930653986574
synthetic,S2,10.0,-6.0,,1,0,0.05556626302549448,0.0,0.05556626302549448,,0.05556626302549448,0.05556626302549448,0.43184330424447764
synthetic,S2,10.0,-6.0,,2,0,0.06449800576745351,0.0,0.06449800576745351,,0.06449800576745351,0.06449800576745351,0.4407786027419647
synthetic,S2,10.0,-6.0,,3,0,0.06098863241837777,0.0,0.06098863241837777,,0.06098863241837777,0.06098863241837777,0.44242270665165095
synthetic,S2,10.0,-6.0,,4,0,0.06578913988890545,0.0,0.06578913988890545,,0.06578913988890545,0.06578913988890545,0.4338201236683769
synthetic,S2,10.0,-6.0,,5,0,0.062223791124572096,0.0,0.062223791124572096,,0.062223791124572096,0.062223791124572096,0.4313014254281945
synthetic,S2,10.0,-6.0,,6,0,0.05883176488338832,0.0,0.05883176488338832,,0.05883176488338832,0.05883176488338832,0.434851169215407
synthetic,S2,10.0,-6.0,,7,0,0.06334762493897235,0.0,0.06334762493897235,,0.06334762493897235,0.06334762493897235,0.4425133546661414
synthetic,S2,10.0,-6.0,,8,0,0.06385813922176903,0.0,0.06385813922176903,,0.06385813922176903,0.06385813922176903,0.44375268276411506
synthetic,S2,10.0,-6.0,,9,0,0.06399355444675335,0.0,0.06399355444675335,,0.06399355444675335,0.06399355444675335,0.4356197792574691
synthetic,S2,10.0,-6.0,,0,50,1.0746603851900847,0.5,0.5746603851900847,,0.09575485231313648,0.4471991780169632,0.4294305780554271
synthetic,S2,10.0,-6.0,,1,50,1.0793417290725633,0.5,0.5793417290725633,,0.08798988464029728,0.451993622042375,0.422651513394684
synthetic,S2,10.0,-6.0,,2,50,1.0756751471825885,0.5,0.5756751471825885,,0.1015696066714149,0.45100323024608746,0.4373060118056827
synthetic,S2,10.0,-6.0,,3,50,1.0736660525893733,0.5,0.5736660525893733,,0.09757387435294353,0.4481609835628462,0.4357323469437574
synthetic,S2,10.0,-6.0,,4,50,1.083804338528339,0.5,0.5838043385283389,,0.10941870707562616,0.45982186972098893,0.4325274313912467
synthetic,S2,10.0,-6.0,,5,50,1.0847180170630268,0.5,0.5847180170630268,,0.09819553762838384,0.45818689230909515,0.42621052168186385
synthetic,S2,10.0,-6.0,,6,50,1.0786557433124002,0.5,0.5786557433124002,,0.09101851609744833,0.4521027997329846,0.4277559199317939
synthetic,S2,10.0,-6.0,,7,50,1.0699637390340877,0.5,0.5699637390340877,,0.10206601521522088,0.44849038145730297,0.4440336768681523
synthetic,S2,10.0,-6.0,,8,50,1.0721037675870548,0.5,0.5721037675870548,,0.10452317292518583,0.44653855869589604,0.4418782925748123
synthetic,S2,10.0,-6.0,,9,50,1.078272806613111,0.5,0.5782728066131111,,0.10310339996980829,0.4536335537542684,0.4344754506327819
synthetic,S2,10.0,-6.0,,0,100,2.1375072217436832,1.0,1.1375072217436832,,0.1463027310610353,0.48399985490929004,0.4210079772867517
synthetic,S2,10.0,-6.0,,1,100,2.1417273355879693,1.0,1.1417273355879693,,0.13932417934620103,0.4909338323242717,0.41550307969387507
synthetic,S2,10.0,-6.0,,2,100,2.1382578098169613,1.0,1.1382578098169613,,0.15543366836441894,0.4917841902209247,0.43686673703793333
synthetic,S2,10.0,-6.0,,3,100,2.1361119130363293,1.0,1.1361119130363293,,0.14995065399335403,0.48776147583812096,0.43313297459347866
synthetic,S2,10.0,-6.0,,4,100,2.1464315716400457,1.0,1.1464315716400457,,0.16860546024414816,0.5031866226053073,0.43460815388125495
synthetic,S2,10.0,-6.0,,5,100,2.147486967367676,1.0,1.147486967367676,,0.1502342475673824,0.4959740847348235,0.4245629526681768
synthetic,S2,10.0,-6.0,,6,100,2.141442864325235,1.0,1.141442864325235,,0.14206142096994673,0.4911504413288752,0.42573371856399894
synthetic,S2,10.0,-6.0,,7,100,2.1323022632790902,1.0,1.1323022632790902,,0.15867208499480356,0.4935521391969185,0.4451762928401947
synthetic,S2,10.0,-6.0,,8,100,2.1349200817394505,1.0,1.1349200817394505,,0.1599622898504433,0.4861365233135652,0.44136953273981694
synthetic,S2,10.0,-6.0,,9,100,2.141174269188975,1.0,1.141174269188975,,0.15629638962701536,0.4945073591547196,0.43713481708167395
synthetic,S2,10.0,-6.0,,0,150,3.2105920367836784,1.5,1.7105920367836784,,0.20496380704404282,0.5363646636301618,0.41687943359607665
synthetic,S2,10.0,-6.0,,1,150,3.213302182639693,1.5,1.7133021826396928,,0.19620081078668586,0.5435312040815353,0.40449523289828976
synthetic,S2,10.0,-6.0,,2,150,3.2086548398752748,1.5,1.7086548398752748,,0.20612429523868878,0.5412501978624912,0.4223504519851277
synthetic,S2,10.0,-6.0,,3,150,3.2070599078246835,1.5,1.7070599078246835,,0.20004660224540013,0.5366534449747328,0.4141604393982885
synthetic,S2,10.0,-6.0,,4,150,3.217360628449219,1.5,1.717360628449219,,0.22475779175141145,0.5558971079937195,0.42402033145291085
synthetic,S2,10.0,-6.0,,5,150,3.219228127097276,1.5,1.719228127097276,,0.2048470372485706,0.5441660708076532,0.41660209769828443
synthetic,S2,10.0,-6.0,,6,150,3.213103582605578,1.5,1.7131035826055778,,0.19770482403355696,0.5436823743544114,0.417853237678155
synthetic,S2,10.0,-6.0,,7,150,3.20190196885865,1.5,1.70190196885865,,0.21176307299286243,0.5462349863219916,0.43122625334817555
synthetic,S2,10.0,-6.0,,8,150,3.2058012312037985,1.5,1.7058012312037985,,0.208658251590739,0.5344001979340506,0.42498786342231676
synthetic,S2,10.0,-6.0,,9,150,3.2116934239809307,1.5,1.7116934239809307,,0.20059234061888595,0.5382440474592645,0.41991286715868076
synthetic,S2,10.0,-6.0,,0,200,4.260217258632837,2.0,2.260217258632837,,0.28535076670012094,0.6121630859352479,0.4247750628979086
synthetic,S2,10.0,-6.0,,1,200,4.262493612364296,2.0,2.2624936123642962,,0.27675300429635646,0.6192291990469255,0.407795463576011
synthetic,S2,10.0,-6.0,,2,200,4.257420006781355,2.0,2.257420006781355,,0.28597997340489467,0.6159524212812493,0.43438365691946573
synthetic,S2,10.0,-6.0,,3,200,4.256631418191786,2.0,2.2566314181917857,,0.2789454862132142,0.6107552146279175,0.419030584235342
synthetic,S2,10.0,-6.0,,4,200,4.266887370640212,2.0,2.2668873706402124,,0.3066742854296819,0.6337957175217614,0.43556974613364097
synthetic,S2,10.0,-6.0,,5,200,4.268787355402149,2.0,2.268787355402149,,0.28552109363494715,0.6179787750900994,0.42656949888353063
synthetic,S2,10.0,-6.0,,6,200,4.262447009420564,2.0,2.2624470094205638,,0.2771417443996972,0.618941562638317,0.4243749544179728
synthetic,S2,10.0,-6.0,,7,200,4.251416598178604,2.0,2.2514165981786043,,0.2951015697455791,0.6248307137779395,0.43981541281217357
synthetic,S2,10.0,-6.0,,8,200,4.255421677324189,2.0,2.255421677324189,,0.2860133427536708,0.6088390010652268,0.4343318424086
synthetic,S2,10.0,-6.0,,9,200,4.2613335322993136,2.0,2.2613335322993136,,0.2774288146750569,0.610739449565761,0.4282131753040366
synthetic,S2,20.0,-3.0,,0,0,0.06145091318504885,0.0,0.06145091318504885,,0.06145091318504885,0.06145091318504885,0.18409216594097633
synthetic,S2,20.0,-3.0,,1,0,0.05556626302549468,0.0,0.05556626302549468,,0.05556626302549468,0.05556626302549468,0.1830505619816159
synthetic,S2,20.0,-3.0,,2,0,0.06449800576745371,0.0,0.06449800576745371,,0.06449800576745371,0.06449800576745371,0.19264328883290713
synthetic,S2,20.0,-3.0,,3,0,0.060988632418377174,0.0,0.060988632418377174,,0.060988632418377174,0.060988632418377174,0.18425723974052155
synthetic,S2,20.0,-3.0,,4,0,0.0657891398889045,0.0,0.0657891398889045,,0.0657891398889045,0.0657891398889045,0.18744629741398305
synthetic,S2,20.0,-3.0,,5,0,0.062223791124572506,0.0,0.062223791124572506,,0.062223791124572506,0.062223791124572506,0.18259580707533846
synthetic,S2,20.0,-3.0,,6,0,0.05883176488338879,0.0,0.05883176488338879,,0.05883176488338879,0.05883176488338879,0.18569627854074242
synthetic,S2,20.0,-3.0,,7,0,0.0633476249389725,0.0,0.0633476249389725,,0.0633476249389725,0.0633476249389725,0.1848541919678662
synthetic,S2,20.0,-3.0,,8,0,0.06385813922176893,0.0,0.06385813922176893,,0.06385813922176893,0.06385813922176893,0.18765218432733657
synthetic,S2,20.0,-3.0,,9,0,0.06399355444675331,0.0,0.06399355444675331,,0.06399355444675331,0.06399355444675331,0.19036947808184151
synthetic,S2,20.0,-3.0,,0,50,0.4241921272295505,1.0,-0.5758078727704494,,0.09526266085811498,0.1911328011054606,0.19736364857157987
synthetic,S2,20.0,-3.0,,1,50,0.41753179276156704,1.0,-0.582468207238433,,0.08843428426135104,0.18188178586162365,0.19891622690149593
synthetic,S2,20.0,-3.0,,2,50,0.4169998995033666,1.0,-0.5830001004966334,,0.1035838321025807,0.1908634253948735,0.21470367536503895
synthetic,S2,20.0,-3.0,,3,50,0.42588280562831954,1.0,-0.5741171943716805,,0.0994825570699031,0.19372104837789683,0.20498215046160034
synthetic,S2,20.0,-3.0,,4,50,0.4216745115726494,1.0,-0.5783254884273505,,0.10981037204471665,0.18969699756596128,0.21193911408510058
synthetic,S2,20.0,-3.0,,5,50,0.42804944657450783,1.0,-0.5719505534254922,,0.09956966112345018,0.19462268264356833,0.20201963349533786
synthetic,S2,20.0,-3.0,,6,50,0.4204122261785561,1.0,-0.5795877738214439,,0.09175081772867141,0.18603317465940347,0.1990094343406144
synthetic,S2,20.0,-3.0,,7,50,0.42706070059093504,1.0,-0.572939299409065,,0.10345281119243525,0.19540569411479114,0.21273402543746875
synthetic,S2,20.0,-3.0,,8,50,0.4214798240832827,1.0,-0.5785201759167173,,0.10630139944851186,0.19126132859682488,0.21089269521590587
synthetic,S2,20.0,-3.0,,9,50,0.4218195472643152,1.0,-0.5781804527356849,,0.10475323273114506,0.1925988126820981,0.2129395098175397
synthetic,S2,20.0,-3.0,,0,100,0.838427046234017,2.0,-1.1615729537659831,,0.14901823044821072,0.22077915562376232,0.2427353996748741
synthetic,S2,20.0,-3.0,,1,100,0.8326283295781152,2.0,-1.1673716704218848,,0.1398194269588379,0.2062270732708702,0.24394961386557776
synthetic,S2,20.0,-3.0,,2,100,0.8298274329155843,2.0,-1.1701725670844159,,0.1599640253179347,0.2223391679460448,0.2641480908327965
synthetic,S2,20.0,-3.0,,3,100,0.8400939517805778,2.0,-1.1599060482194221,,0.15416322339445002,0.2231408253652103,0.25435399565768757
synthetic,S2,20.0,-3.0,,4,100,0.8362864665863748,2.0,-1.1637135334136253,,0.17038332528231687,0.22137513420448868,0.2657850709332503
synthetic,S2,20.0,-3.0,,5,100,0.842267157502869,2.0,-1.157732842497131,,0.15384329577511385,0.22340030737103275,0.25232002607422177
synthetic,S2,20.0,-3.0,,6,100,0.8333368481585793,2.0,-1.1666631518414206,,0.14359597649974584,0.21131628514887282,0.24280369171934524
synthetic,S2,20.0,-3.0,,7,100,0.8413714149451612,2.0,-1.1586285850548388,,0.16170517591990252,0.22646612173948757,0.26469896644747143
synthetic,S2,20.0,-3.0,,8,100,0.8347878027687158,2.0,-1.165212197231284,,0.16457358537607555,0.22202773878091145,0.2615963630603472
synthetic,S2,20.0,-3.0,,9,100,0.8349749434490733,2.0,-1.1650250565509266,,0.16084087483572077,0.22425062407391042,0.2611198383306787
synthetic,S2,20.0,-3.0,,0,150,1.2415609790052902,3.0,-1.7584390209947098,,0.19303709104571576,0.2435294581335892,0.28537731756489615
synthetic,S2,20.0,-3.0,,1,150,1.2346040172684494,3.0,-1.7653959827315506,,0.1800920809209735,0.21992276614497794,0.2774593247727141
synthetic,S2,20.0,-3.0,,2,150,1.2301495299455865,3.0,-1.7698504700544135,,0.1973467019434356,0.2408514816965264,0.2911266920234347
synthetic,S2,20.0,-3.0,,3,150,1.24125130244616,3.0,-1.75874869755384,,0.19058652108769822,0.2392748671084348,0.2814590645924089
synthetic,S2,20.0,-3.0,,4,150,1.2369986346093687,3.0,-1.7630013653906313,,0.2137705422679108,0.24053419375336016,0.2985149689743229
synthetic,S2,20.0,-3.0,,5,150,1.2438644882253522,3.0,-1.7561355117746478,,0.19370798193497546,0.24015083679792476,0.28757064186266773
synthetic,S2,20.0,-3.0,,6,150,1.2345474313275788,3.0,-1.7654525686724212,,0.18358675939106098,0.22473622260815562,0.277022357813516
synthetic,S2,20.0,-3.0,,7,150,1.241035157992904,3.0,-1.758964842007096,,0.2005529526896781,0.24318325670642135,0.2927223402239098
synthetic,S2,20.0,-3.0,,8,150,1.2351896417166555,3.0,-1.7648103582833445,,0.2019785851881411,0.23988233343121276,0.2872439405861808
synthetic,S2,20.0,-3.0,,9,150,1.2346119725620741,3.0,-1.7653880274379259,,0.19070869576798377,0.24072399390265886,0.2795681120467368
synthetic,S2,20.0,-3.0,,0,200,1.6576515923810984,4.0,-2.3423484076189016,,0.2658519580701216,0.2961588639494651,0.35963456636364505
synthetic,S2,20.0,-3.0,,1,200,1.6507544959828484,4.0,-2.3492455040171514,,0.2512942404340099,0.2660904650419298,0.34811245554138115
synthetic,S2,20.0,-3.0,,2,200,1.6461376485284982,4.0,-2.353862351471502,,0.27056764338240386,0.29416426559012976,0.36356948338828166
synthetic,S2,20.0,-3.0,,3,200,1.6573524099674646,4.0,-2.342647590032535,,0.2622893830978641,0.2898884179132142,0.3544795214442495
synthetic,S2,20.0,-3.0,,4,200,1.652770819654061,4.0,-2.347229180345939,,0.291749038074905,0.2968239778246188,0.3746865151608854
synthetic,S2,20.0,-3.0,,5,200,1.6600467703276416,4.0,-2.3399532296723584,,0.26649671254869334,0.2893139435263138,0.36227994281734377
synthetic,S2,20.0,-3.0,,6,200,1.650158890557741,4.0,-2.3498411094422593,,0.25539626528916837,0.2704480830486602,0.3477413193165539
synthetic,S2,20.0,-3.0,,7,200,1.6571497664349684,4.0,-2.3428502335650316,,0.2752912105585998,0.29557116955369167,0.3673950374741883
synthetic,S2,20.0,-3.0,,8,200,1.6510916018355857,4.0,-2.348908398164414,,0.2759103193243344,0.2921459964989597,0.36030451176055844
synthetic,S2,20.0,-3.0,,9,200,1.6506059325576825,4.0,-2.3493940674423177,,0.2614434765081746,0.29314365864536124,0.3488668373114514
synthetic,S2,20.0,-6.0,,0,0,0.06145091318504943,0.0,0.06145091318504943,,0.06145091318504943,0.06145091318504943,0.3393908402306217
synthetic,S2,20.0,-6.0,,1,0,0.05556626302549476,0.0,0.05556626302549476,,0.05556626302549476,0.05556626302549476,0.33431216414723364
synthetic,S2,20.0,-6.0,,2,0,0.06449800576745378,0.0,0.06449800576745378,,0.06449800576745378,0.06449800576745378,0.34956686211529436
synthetic,S2,20.0,-6.0,,3,0,0.06098863241837764,0.0,0.06098863241837764,,0.06098863241837764,0.06098863241837764,0.3417420224471126
synthetic,S2,20.0,-6.0,,4,0,0.06578913988890467,0.0,0.06578913988890467,,0.06578913988890467,0.06578913988890467,0.340499217413184
synthetic,S2,20.0,-6.0,,5,0,0.062223791124572825,0.0,0.062223791124572825,,0.062223791124572825,0.062223791124572825,0.3345474779205839
synthetic,S2,20.0,-6.0,,6,0,0.05883176488338832,0.0,0.05883176488338832,,0.05883176488338832,0.05883176488338832,0.33562550120523915
synthetic,S2,20.0,-6.0,,7,0,0.06334762493897236,0.0,0.06334762493897236,,0.06334762493897236,0.06334762493897236,0.34228216155402763
synthetic,S2,20.0,-6.0,,8,0,0.06385813922176851,0.0,0.06385813922176851,,0.06385813922176851,0.06385813922176851,0.3448818274550463
synthetic,S2,20.0,-6.0,,9,0,0.06399355444675307,0.0,0.06399355444675307,,0.06399355444675307,0.06399355444675307,0.34211957400619075
synthetic,S2,20.0,-6.0,,0,50,0.827665801154061,1.0,-0.17233419884593904,,0.09679236776797194,0.34909866896998176,0.3354763000247263
synthetic,S2,20.0,-6.0,,1,50,0.8280964693765056,1.0,-0.1719035306234944,,0.09051217826003838,0.34785643127774063,0.33022427858432424
synthetic,S2,20.0,-6.0,,2,50,0.8218179896867982,1.0,-0.1781820103132018,,0.10409320796161665,0.34468616046302547,0.3521743061325539
synthetic,S2,20.0,-6.0,,3,50,0.8269274774293525,1.0,-0.17307252257064754,,0.10009452546473672,0.34843524328522957,0.34203542381117436
synthetic,S2,20.0,-6.0,,4,50,0.8304748058691382,1.0,-0.16952519413086176,,0.11178659073901394,0.3576519515622409,0.3453480916758388
synthetic,S2,20.0,-6.0,,5,50,0.8356197011259278,1.0,-0.16438029887407224,,0.1006045691076168,0.3588150790104506,0.33608634555092237
synthetic,S2,20.0,-6.0,,6,50,0.834533555269649,1.0,-0.165466444730351,,0.09353379796742885,0.3550091263248597,0.33475772647957236
synthetic,S2,20.0,-6.0,,7,50,0.8312155925470951,1.0,-0.1687844074529049,,0.10458839051108534,0.3547410694672434,0.35082695086355575
synthetic,S2,20.0,-6.0,,8,50,0.8268220318034777,1.0,-0.17317796819652231,,0.10704763994917392,0.34873302243112075,0.34788206776824815
synthetic,S2,20.0,-6.0,,9,50,0.828017607383442,1.0,-0.171982392616558,,0.10552827356531666,0.3541777232681266,0.3486693209159271
synthetic,S2,20.0,-6.0,,0,100,1.6456248729304659,2.0,-0.3543751270695341,,0.15621438548426061,0.3854206638611819,0.35491342373900236
synthetic,S2,20.0,-6.0,,1,100,1.6465101157383495,2.0,-0.3534898842616505,,0.1494249055486085,0.38322286170575387,0.3480522979276632
synthetic,S2,20.0,-6.0,,2,100,1.639229930398049,2.0,-0.3607700696019509,,0.16553452633270727,0.38334677308005793,0.37750954084646426
synthetic,S2,20.0,-6.0,,3,100,1.6449686217558879,2.0,-0.35503137824411213,,0.16004957882947587,0.38590440937981724,0.36335736936877716
synthetic,S2,20.0,-6.0,,4,100,1.6472528470191328,2.0,-0.35274715298086723,,0.1785971051104239,0.39757784496856596,0.3704296770019783
synthetic,S2,20.0,-6.0,,5,100,1.6526463265987419,2.0,-0.3473536734012581,,0.16028045650796838,0.39608249674930934,0.3586544133333436
synthetic,S2,20.0,-6.0,,6,100,1.6517130428302627,2.0,-0.34828695716973734,,0.15216048802818524,0.38971334361489235,0.35357868713105456
synthetic,S2,20.0,-6.0,,7,100,1.6479882967044928,2.0,-0.35201170329550724,,0.16876865357799092,0.3927153492504342,0.3767220839178574
synthetic,S2,20.0,-6.0,,8,100,1.644316741513772,2.0,-0.35568325848622795,,0.17006259733261406,0.3859217678316719,0.3725478557236018
synthetic,S2,20.0,-6.0,,9,100,1.645488737132222,2.0,-0.354511262867778,,0.16632050518762823,0.3941924415068704,0.3740294463030128
synthetic,S2,20.0,-6.0,,0,150,2.4562100862620935,3.0,-0.5437899137379065,,0.21259178024452463,0.4207716198760316,0.36661345328602624
synthetic,S2,20.0,-6.0,,1,150,2.4560776997536404,3.0,-0.5439223002463596,,0.20379292550943218,0.41788864808125953,0.3528184476264196
synthetic,S2,20.0,-6.0,,2,150,2.4469858506045354,3.0,-0.5530141493954646,,0.21372767628317058,0.42007865993995086,0.37800798821253395
synthetic,S2,20.0,-6.0,,3,150,2.453445520421684,3.0,-0.5465544795783162,,0.2076996187392303,0.41671446813609647,0.3597231781227475
synthetic,S2,20.0,-6.0,,4,150,2.4554692079506872,3.0,-0.5445307920493128,,0.23236583393801397,0.4333508906603551,0.37195995424514927
synthetic,S2,20.0,-6.0,,5,150,2.4611569249771934,3.0,-0.5388430750228066,,0.21242262331743159,0.4300655951509881,0.3628345401457303
synthetic,S2,20.0,-6.0,,6,150,2.4605258577265596,3.0,-0.5394741422734404,,0.20533260871013104,0.4236944375406885,0.3592330451855074
synthetic,S2,20.0,-6.0,,7,150,2.4546710707359214,3.0,-0.5453289292640786,,0.21941611804134653,0.4249429691989175,0.3755609316736579
synthetic,S2,20.0,-6.0,,8,150,2.452460888389583,3.0,-0.5475391116104169,,0.21625998861539306,0.4189301732182412,0.3691634809966997
synthetic,S2,20.0,-6.0,,9,150,2.4529362126546115,3.0,-0.5470637873453885,,0.2073559529101223,0.4245474278553478,0.3665295352132421
synthetic,S2,20.0,-6.0,,0,200,3.2636820203968284,4.0,-0.7363179796031716,,0.3057387959303678,0.4915380677803876,0.41037088083185785
synthetic,S2,20.0,-6.0,,1,200,3.2635937986641315,4.0,-0.7364062013358685,,0.29712233816776634,0.4924570239418964,0.39467350667889056
synthetic,S2,20.0,-6.0,,2,200,3.2537294217664927,4.0,-0.7462705782335073,,0.3063656334432007,0.4979124478342297,0.42414111744676436
synthetic,S2,20.0,-6.0,,3,200,3.260598641492194,4.0,-0.7394013585078061,,0.2993535765463629,0.48957098289256756,0.40403501266605035
synthetic,S2,20.0,-6.0,,4,200,3.2627523663390154,4.0,-0.7372476336609846,,0.32706628341094,0.5141188994433703,0.42290157969329883
synthetic,S2,20.0,-6.0,,5,200,3.2683496558126675,4.0,-0.7316503441873325,,0.3058889200790666,0.5037475533126602,0.4074608374593741
synthetic,S2,20.0,-6.0,,6,200,3.2678350467929516,4.0,-0.7321649532070484,,0.29753412312836175,0.49961113918502414,0.4035659276536776
synthetic,S2,20.0,-6.0,,7,200,3.2618661489831857,4.0,-0.7381338510168143,,0.31550972909843256,0.503321251808505,0.41944782621995735
synthetic,S2,20.0,-6.0,,8,200,3.2598873586223722,4.0,-0.7401126413776278,,0.30640375698451733,0.4941412865621513,0.41676496203805535
synthetic,S2,20.0,-6.0,,9,200,3.259827594084087,4.0,-0.7401724059159132,,0.2975316555319629,0.49822160051766,0.4117084261203813
synthetic,S3,10.0,,2.0,0,0,0.06253875702968097,0.0,0.06253875702968097,0.0,,,
synthetic,S3,10.0,,2.0,1,0,0.05867143612679186,0.0,0.05867143612679186,0.0,,,
synthetic,S3,10.0,,2.0,2,0,0.06300065496144713,0.0,0.06300065496144713,0.0,,,
synthetic,S3,10.0,,2.0,3,0,0.06045463156433357,0.0,0.06045463156433357,0.0,,,
synthetic,S3,10.0,,2.0,4,0,0.06557523729755248,0.0,0.06557523729755248,0.0,,,
synthetic,S3,10.0,,2.0,5,0,0.05864503322802518,0.0,0.05864503322802518,0.0,,,
synthetic,S3,10.0,,2.0,6,0,0.06080991147707532,0.0,0.06080991147707532,0.0,,,
synthetic,S3,10.0,,2.0,7,0,0.06346273328778207,0.0,0.06346273328778207,0.0,,,
synthetic,S3,10.0,,2.0,8,0,0.06348348709278946,0.0,0.06348348709278946,0.0,,,
synthetic,S3,10.0,,2.0,9,0,0.06229863918515326,0.0,0.06229863918515326,0.0,,,
synthetic,S3,10.0,,2.0,0,50,0.5111993492617994,0.5,0.01119934926179944,0.0,,,
synthetic,S3,10.0,,2.0,1,50,0.49886930266676577,0.5,-0.0011306973332342318,0.0,,,
synthetic,S3,10.0,,2.0,2,50,0.5081120659809966,0.5,0.008112065980996563,0.0,,,
synthetic,S3,10.0,,2.0,3,50,0.5078610295157832,0.5,0.007861029515783158,0.0,,,
synthetic,S3,10.0,,2.0,4,50,0.498317573485601,0.5,-0.0016824265143989825,0.0,,,
synthetic,S3,10.0,,2.0,5,50,0.5010967491448037,0.5,0.0010967491448037325,0.0,,,
synthetic,S3,10.0,,2.0,6,50,0.5026075551236027,0.5,0.0026075551236026673,0.0,,,
synthetic,S3,10.0,,2.0,7,50,0.5030060511928073,0.5,0.0030060511928072797,0.0,,,
synthetic,S3,10.0,,2.0,8,50,0.5081751126906591,0.5,0.00817511269065907,0.0,,,
synthetic,S3,10.0,,2.0,9,50,0.5044233007348541,0.5,0.004423300734854085,0.0,,,
synthetic,S3,10.0,,2.0,0,100,1.010060630360425,1.0,0.010060630360424927,26.767676767676768,,,
synthetic,S3,10.0,,2.0,1,100,0.9977394395921277,1.0,-0.0022605604078722585,24.242424242424242,,,
synthetic,S3,10.0,,2.0,2,100,1.0068679982621525,1.0,0.006867998262152453,28.282828282828284,,,
synthetic,S3,10.0,,2.0,3,100,1.0065946061490447,1.0,0.006594606149044724,26.767676767676768,,,
synthetic,S3,10.0,,2.0,4,100,0.9969550453691016,1.0,-0.0030449546308983777,20.2020202020202,,,
synthetic,S3,10.0,,2.0,5,100,1.000073604040616,1.0,7.360404061595993e-05,20.2020202020202,,,
synthetic,S3,10.0,,2.0,6,100,1.0015156880686094,1.0,0.0015156880686093555,28.282828282828284,,,
synthetic,S3,10.0,,2.0,7,100,1.0016345794688717,1.0,0.0016345794688716886,28.78787878787879,,,
synthetic,S3,10.0,,2.0,8,100,1.007038279860198,1.0,0.0070382798601980046,27.77777777777778,,,
synthetic,S3,10.0,,2.0,9,100,1.003129847680887,1.0,0.003129847680886977,21.21212121212121,,,
synthetic,S3,10.0,,2.0,0,150,1.5093577152724584,1.5,0.009357715272458433,50.0,,,
synthetic,S3,10.0,,2.0,1,150,1.497277869902845,1.5,-0.00272213009715494,50.0,,,
synthetic,S3,10.0,,2.0,2,150,1.506311373236463,1.5,0.006311373236463025,50.0,,,
synthetic,S3,10.0,,2.0,3,150,1.505893490398443,1.5,0.005893490398442891,50.0,,,
synthetic,S3,10.0,,2.0,4,150,1.4966496803032057,1.5,-0.003350319696794335,50.0,,,
synthetic,S3,10.0,,2.0,5,150,1.4994713488471043,1.5,-0.0005286511528956872,50.0,,,
synthetic,S3,10.0,,2.0,6,150,1.5004893800240042,1.5,0.0004893800240042268,50.0,,,
synthetic,S3,10.0,,2.0,7,150,1.50130457168248,1.5,0.0013045716824799936,50.0,,,
synthetic,S3,10.0,,2.0,8,150,1.5068544495099436,1.5,0.0068544495099436276,50.0,,,
synthetic,S3,10.0,,2.0,9,150,1.503319186079347,1.5,0.003319186079346892,50.0,,,
synthetic,S3,10.0,,2.0,0,200,2.0091625515530076,2.0,0.009162551553007603,50.0,,,
synthetic,S3,10.0,,2.0,1,200,1.9970920689689053,2.0,-0.002907931031094657,50.0,,,
synthetic,S3,10.0,,2.0,2,200,2.0061019962562403,2.0,0.006101996256240305,50.0,,,
synthetic,S3,10.0,,2.0,3,200,2.0056799933032528,2.0,0.0056799933032527505,50.0,,,
synthetic,S3,10.0,,2.0,4,200,1.996429660588047,2.0,-0.0035703394119530607,50.0,,,
synthetic,S3,10.0,,2.0,5,200,1.9993033222258436,2.0,-0.0006966777741563845,50.0,,,
synthetic,S3,10.0,,2.0,6,200,2.0003054856854066,2.0,0.00030548568540655907,50.0,,,
synthetic,S3,10.0,,2.0,7,200,2.001076428675941,2.0,0.0010764286759408215,50.0,,,
synthetic,S3,10.0,,2.0,8,200,2.0066626402359495,2.0,0.006662640235949535,50.0,,,
synthetic,S3,10.0,,2.0,9,200,2.0031061249140123,2.0,0.003106124914012298,50.0,,,
synthetic,S3,10.0,,4.0,0,0,0.06253875702968094,0.0,0.06253875702968094,0.0,,,
synthetic,S3,10.0,,4.0,1,0,0.05867143612679187,0.0,0.05867143612679187,0.0,,,
synthetic,S3,10.0,,4.0,2,0,0.06300065496144716,0.0,0.06300065496144716,0.0,,,
synthetic,S3,10.0,,4.0,3,0,0.06045463156433353,0.0,0.06045463156433353,0.0,,,
synthetic,S3,10.0,,4.0,4,0,0.06557523729755248,0.0,0.06557523729755248,0.0,,,
synthetic,S3,10.0,,4.0,5,0,0.05864503322802515,0.0,0.05864503322802515,0.0,,,
synthetic,S3,10.0,,4.0,6,0,0.06080991147707532,0.0,0.06080991147707532,0.0,,,
synthetic,S3,10.0,,4.0,7,0,0.06346273328778208,0.0,0.06346273328778208,0.0,,,
synthetic,S3,10.0,,4.0,8,0,0.06348348709278943,0.0,0.06348348709278943,0.0,,,
synthetic,S3,10.0,,4.0,9,0,0.06229863918515322,0.0,0.06229863918515322,0.0,,,
synthetic,S3,10.0,,4.0,0,50,0.5111993492617994,0.5,0.01119934926179944,0.0,,,
synthetic,S3,10.0,,4.0,1,50,0.4988693026667657,0.5,-0.0011306973332342873,0.0,,,
synthetic,S3,10.0,,4.0,2,50,0.5081120659809966,0.5,0.008112065980996563,0.0,,,
synthetic,S3,10.0,,4.0,3,50,0.507861029515783,0.5,0.007861029515783047,0.0,,,
synthetic,S3,10.0,,4.0,4,50,0.49831757348560096,0.5,-0.001682426514399038,0.0,,,
synthetic,S3,10.0,,4.0,5,50,0.5010967491448037,0.5,0.0010967491448037325,0.0,,,
synthetic,S3,10.0,,4.0,6,50,0.5026075551236024,0.5,0.0026075551236024452,0.0,,,
synthetic,S3,10.0,,4.0,7,50,0.5030060511928073,0.5,0.0030060511928072797,0.0,,,
synthetic,S3,10.0,,4.0,8,50,0.5081751126906588,0.5,0.008175112690658848,0.0,,,
synthetic,S3,10.0,,4.0,9,50,0.5044233007348539,0.5,0.004423300734853863,0.0,,,
synthetic,S3,10.0,,4.0,0,100,1.010060630360425,1.0,0.010060630360424927,0.0,,,
synthetic,S3,10.0,,4.0,1,100,0.9977394395921277,1.0,-0.0022605604078722585,0.0,,,
synthetic,S3,10.0,,4.0,2,100,1.0068679982621525,1.0,0.006867998262152453,0.0,,,
synthetic,S3,10.0,,4.0,3,100,1.0065946061490447,1.0,0.006594606149044724,0.0,,,
synthetic,S3,10.0,,4.0,4,100,0.9969550453691016,1.0,-0.0030449546308983777,0.0,,,
synthetic,S3,10.0,,4.0,5,100,1.000073604040616,1.0,7.360404061595993e-05,0.0,,,
synthetic,S3,10.0,,4.0,6,100,1.0015156880686094,1.0,0.0015156880686093555,0.0,,,
synthetic,S3,10.0,,4.0,7,100,1.0016345794688717,1.0,0.0016345794688716886,0.0,,,
synthetic,S3,10.0,,4.0,8,100,1.0070382798601978,1.0,0.0070382798601977825,0.0,,,
synthetic,S3,10.0,,4.0,9,100,1.003129847680887,1.0,0.003129847680886977,0.0,,,
synthetic,S3,10.0,,4.0,0,150,1.5093577152724584,1.5,0.009357715272458433,0.0,,,
synthetic,S3,10.0,,4.0,1,150,1.497277869902845,1.5,-0.00272213009715494,0.0,,,
synthetic,S3,10.0,,4.0,2,150,1.506311373236463,1.5,0.006311373236463025,0.0,,,
synthetic,S3,10.0,,4.0,3,150,1.505893490398443,1.5,0.005893490398442891,0.0,,,
synthetic,S3,10.0,,4.0,4,150,1.4966496803032057,1.5,-0.003350319696794335,0.0,,,
synthetic,S3,10.0,,4.0,5,150,1.4994713488471043,1.5,-0.0005286511528956872,0.0,,,
synthetic,S3,10.0,,4.0,6,150,1.5004893800240042,1.5,0.0004893800240042268,0.0,,,
synthetic,S3,10.0,,4.0,7,150,1.5013045716824798,1.5,0.0013045716824797715,0.0,,,
synthetic,S3,10.0,,4.0,8,150,1.5068544495099436,1.5,0.0068544495099436276,0.0,,,
synthetic,S3,10.0,,4.0,9,150,1.503319186079347,1.5,0.003319186079346892,0.0,,,
synthetic,S3,10.0,,4.0,0,200,2.009162551553007,2.0,0.009162551553007159,27.040816326530614,,,
synthetic,S3,10.0,,4.0,1,200,1.9970920689689053,2.0,-0.002907931031094657,23.979591836734695,,,
synthetic,S3,10.0,,4.0,2,200,2.0061019962562403,2.0,0.006101996256240305,28.06122448979592,,,
synthetic,S3,10.0,,4.0,3,200,2.0056799933032528,2.0,0.0056799933032527505,27.040816326530614,,,
synthetic,S3,10.0,,4.0,4,200,1.996429660588047,2.0,-0.0035703394119530607,19.897959183673468,,,
synthetic,S3,10.0,,4.0,5,200,1.9993033222258436,2.0,-0.0006966777741563845,20.408163265306122,,,
synthetic,S3,10.0,,4.0,6,200,2.0003054856854066,2.0,0.00030548568540655907,27.551020408163264,,,
synthetic,S3,10.0,,4.0,7,200,2.001076428675941,2.0,0.0010764286759408215,29.591836734693878,,,
synthetic,S3,10.0,,4.0,8,200,2.0066626402359495,2.0,0.006662640235949535,27.551020408163264,,,
synthetic,S3,10.0,,4.0,9,200,2.003106124914012,2.0,0.003106124914011854,21.428571428571427,,,
synthetic,S3,10.0,,8.0,0,0,0.06253875702968095,0.0,0.06253875702968095,0.0,,,
synthetic,S3,10.0,,8.0,1,0,0.05867143612679189,0.0,0.05867143612679189,0.0,,,
synthetic,S3,10.0,,8.0,2,0,0.06300065496144716,0.0,0.06300065496144716,0.0,,,
synthetic,S3,10.0,,8.0,3,0,0.06045463156433351,0.0,0.06045463156433351,0.0,,,
synthetic,S3,10.0,,8.0,4,0,0.06557523729755255,0.0,0.06557523729755255,0.0,,,
synthetic,S3,10.0,,8.0,5,0,0.05864503322802515,0.0,0.05864503322802515,0.0,,,
synthetic,S3,10.0,,8.0,6,0,0.06080991147707542,0.0,0.06080991147707542,0.0,,,
synthetic,S3,10.0,,8.0,7,0,0.06346273328778207,0.0,0.06346273328778207,0.0,,,
synthetic,S3,10.0,,8.0,8,0,0.06348348709278943,0.0,0.06348348709278943,0.0,,,
synthetic,S3,10.0,,8.0,9,0,0.06229863918515318,0.0,0.06229863918515318,0.0,,,
synthetic,S3,10.0,,8.0,0,50,0.5111993492617994,0.5,0.01119934926179944,0.0,,,
synthetic,S3,10.0,,8.0,1,50,0.4988693026667656,0.5,-0.0011306973332343984,0.0,,,
synthetic,S3,10.0,,8.0,2,50,0.5081120659809965,0.5,0.008112065980996452,0.0,,,
synthetic,S3,10.0,,8.0,3,50,0.507861029515783,0.5,0.007861029515783047,0.0,,,
synthetic,S3,10.0,,8.0,4,50,0.49831757348560096,0.5,-0.001682426514399038,0.0,,,
synthetic,S3,10.0,,8.0,5,50,0.5010967491448037,0.5,0.0010967491448037325,0.0,,,
synthetic,S3,10.0,,8.0,6,50,0.5026075551236024,0.5,0.0026075551236024452,0.0,,,
synthetic,S3,10.0,,8.0,7,50,0.5030060511928073,0.5,0.0030060511928072797,0.0,,,
synthetic,S3,10.0,,8.0,8,50,0.5081751126906588,0.5,0.008175112690658848,0.0,,,
synthetic,S3,10.0,,8.0,9,50,0.504423300734854,0.5,0.004423300734853974,0.0,,,
synthetic,S3,10.0,,8.0,0,100,1.010060630360425,1.0,0.010060630360424927,0.0,,,
synthetic,S3,10.0,,8.0,1,100,0.9977394395921276,1.0,-0.0022605604078723696,0.0,,,
synthetic,S3,10.0,,8.0,2,100,1.0068679982621525,1.0,0.006867998262152453,0.0,,,
synthetic,S3,10.0,,8.0,3,100,1.0065946061490447,1.0,0.006594606149044724,0.0,,,
synthetic,S3,10.0,,8.0,4,100,0.9969550453691016,1.0,-0.0030449546308983777,0.0,,,
synthetic,S3,10.0,,8.0,5,100,1.000073604040616,1.0,7.360404061595993e-05,0.0,,,
synthetic,S3,10.0,,8.0,6,100,1.0015156880686094,1.0,0.0015156880686093555,0.0,,,
synthetic,S3,10.0,,8.0,7,100,1.001634579468872,1.0,0.0016345794688719106,0.0,,,
synthetic,S3,10.0,,8.0,8,100,1.0070382798601976,1.0,0.0070382798601975605,0.0,,,
synthetic,S3,10.0,,8.0,9,100,1.003129847680887,1.0,0.003129847680886977,0.0,,,
synthetic,S3,10.0,,8.0,0,150,1.509357715272458,1.5,0.00935771527245799,0.0,,,
synthetic,S3,10.0,,8.0,1,150,1.4972778699028446,1.5,-0.002722130097155384,0.0,,,
synthetic,S3,10.0,,8.0,2,150,1.506311373236463,1.5,0.006311373236463025,0.0,,,
synthetic,S3,10.0,,8.0,3,150,1.5058934903984433,1.5,0.005893490398443335,0.0,,,
synthetic,S3,10.0,,8.0,4,150,1.4966496803032057,1.5,-0.003350319696794335,0.0,,,
synthetic,S3,10.0,,8.0,5,150,1.4994713488471043,1.5,-0.0005286511528956872,0.0,,,
synthetic,S3,10.0,,8.0,6,150,1.5004893800240042,1.5,0.0004893800240042268,0.0,,,
synthetic,S3,10.0,,8.0,7,150,1.50130457168248,1.5,0.0013045716824799936,0.0,,,
synthetic,S3,10.0,,8.0,8,150,1.5068544495099434,1.5,0.0068544495099434055,0.0,,,
synthetic,S3,10.0,,8.0,9,150,1.503319186079347,1.5,0.003319186079346892,0.0,,,
synthetic,S3,10.0,,8.0,0,200,2.0091625515530076,2.0,0.009162551553007603,0.0,,,
synthetic,S3,10.0,,8.0,1,200,1.9970920689689053,2.0,-0.002907931031094657,0.0,,,
synthetic,S3,10.0,,8.0,2,200,2.0061019962562403,2.0,0.006101996256240305,0.0,,,
synthetic,S3,10.0,,8.0,3,200,2.005679993303253,2.0,0.005679993303253195,0.0,,,
synthetic,S3,10.0,,8.0,4,200,1.996429660588047,2.0,-0.0035703394119530607,0.0,,,
synthetic,S3,10.0,,8.0,5,200,1.9993033222258436,2.0,-0.0006966777741563845,0.0,,,
synthetic,S3,10.0,,8.0,6,200,2.0003054856854066,2.0,0.00030548568540655907,0.0,,,
synthetic,S3,10.0,,8.0,7,200,2.001076428675941,2.0,0.0010764286759408215,0.0,,,
synthetic,S3,10.0,,8.0,8,200,2.0066626402359495,2.0,0.006662640235949535,0.0,,,
synthetic,S3,10.0,,8.0,9,200,2.003106124914012,2.0,0.003106124914011854,0.0,,,
